1,1,151.895,1991-12-31 00:00:00
2,1,157.406,1992-01-31 00:00:00
3,1,160.788,1992-02-29 00:00:00
4,1,162.55,1992-03-31 00:00:00
5,1,164.99,1992-04-30 00:00:00
6,1,168.751,1992-05-31 00:00:00
7,1,164.341,1992-06-30 00:00:00
8,1,160.288,1992-07-31 00:00:00
9,1,159.075,1992-08-31 00:00:00
10,1,159.694,1992-09-30 00:00:00
11,1,162.56,1992-10-31 00:00:00
12,1,161.523,1992-11-30 00:00:00
13,1,163.741,1992-12-31 00:00:00
14,1,165.161,1993-01-31 00:00:00
15,1,168.086,1993-02-28 00:00:00
16,1,173.449,1993-03-31 00:00:00
17,1,176.226,1993-04-30 00:00:00
18,1,184.097,1993-05-31 00:00:00
19,1,186.472,1993-06-30 00:00:00
20,1,188.625,1993-07-31 00:00:00
21,1,195.858,1993-08-31 00:00:00
22,1,193.394,1993-09-30 00:00:00
23,1,205.19,1993-10-31 00:00:00
24,1,220.167,1993-11-30 00:00:00
25,1,252.388,1993-12-31 00:00:00
26,1,254.63,1994-01-31 00:00:00
27,1,248.969,1994-02-28 00:00:00
28,1,236.937,1994-03-31 00:00:00
29,1,237.249,1994-04-30 00:00:00
30,1,237.629,1994-05-31 00:00:00
31,1,228.469,1994-06-30 00:00:00
32,1,229.847,1994-07-31 00:00:00
33,1,231.718,1994-08-31 00:00:00
34,1,228.348,1994-09-30 00:00:00
35,1,225.265,1994-10-31 00:00:00
36,1,228.828,1994-11-30 00:00:00
37,1,220.679,1994-12-31 00:00:00
38,1,210.61,1995-01-31 00:00:00
39,1,212.122,1995-02-28 00:00:00
40,1,208.53,1995-03-31 00:00:00
41,1,210.754,1995-04-30 00:00:00
42,1,224.986,1995-05-31 00:00:00
43,1,224.848,1995-06-30 00:00:00
44,1,233.403,1995-07-31 00:00:00
45,1,242.265,1995-08-31 00:00:00
46,1,239.65,1995-09-30 00:00:00
47,1,235.366,1995-10-31 00:00:00
48,1,244.348,1995-11-30 00:00:00
49,1,251.196,1995-12-31 00:00:00
50,1,260.825,1996-01-31 00:00:00
51,1,275.407,1996-02-29 00:00:00
52,1,283.956,1996-03-31 00:00:00
53,1,298.837,1996-04-30 00:00:00
54,1,296.898,1996-05-31 00:00:00
55,1,304.141,1996-06-30 00:00:00
56,1,285.769,1996-07-31 00:00:00
57,1,289.03,1996-08-31 00:00:00
58,1,297.332,1996-09-30 00:00:00
59,1,294.445,1996-10-31 00:00:00
60,1,306.647,1996-11-30 00:00:00
61,1,311.773,1996-12-31 00:00:00
62,1,325.363,1997-01-31 00:00:00
63,1,344.296,1997-02-28 00:00:00
64,1,335.238,1997-03-31 00:00:00
65,1,339.751,1997-04-30 00:00:00
66,1,363.083,1997-05-31 00:00:00
67,1,386.612,1997-06-30 00:00:00
68,1,422.313,1997-07-31 00:00:00
69,1,378.012,1997-08-31 00:00:00
70,1,385.556,1997-09-30 00:00:00
71,1,354.014,1997-10-31 00:00:00
72,1,373.985,1997-11-30 00:00:00
73,1,379.006,1997-12-31 00:00:00
74,1,390.765,1998-01-31 00:00:00
75,1,419.311,1998-02-28 00:00:00
76,1,443.115,1998-03-31 00:00:00
77,1,419.526,1998-04-30 00:00:00
78,1,419.667,1998-05-31 00:00:00
79,1,437.869,1998-06-30 00:00:00
80,1,431.077,1998-07-31 00:00:00
81,1,394.705,1998-08-31 00:00:00
82,1,393.375,1998-09-30 00:00:00
83,1,426.415,1998-10-31 00:00:00
84,1,452.709,1998-11-30 00:00:00
85,1,463.936,1998-12-31 00:00:00
86,1,472.04,1999-01-31 00:00:00
87,1,479.87,1999-02-28 00:00:00
88,1,521.37,1999-03-31 00:00:00
89,1,556.35,1999-04-30 00:00:00
90,1,543.42,1999-05-31 00:00:00
91,1,630.56,1999-06-30 00:00:00
92,1,622.06,1999-07-31 00:00:00
93,1,670.19,1999-08-31 00:00:00
94,1,696.96,1999-09-30 00:00:00
95,1,722.94,1999-10-31 00:00:00
96,1,802.05,1999-11-30 00:00:00
97,1,878.18,1999-12-31 00:00:00
98,1,841.74,2000-01-31 00:00:00
99,1,831.86,2000-02-29 00:00:00
100,1,884.46,2000-03-31 00:00:00
101,1,891.24,2000-04-30 00:00:00
102,1,851.28,2000-05-31 00:00:00
103,1,842.55,2000-06-30 00:00:00
104,1,838.71,2000-07-31 00:00:00
105,1,874.09,2000-08-31 00:00:00
106,1,873.25,2000-09-30 00:00:00
107,1,905.8,2000-10-31 00:00:00
108,1,886.93,2000-11-30 00:00:00
109,1,844.3,2000-12-31 00:00:00
110,1,806.09,2001-01-31 00:00:00
111,1,800.29,2001-02-28 00:00:00
112,1,777.69,2001-03-31 00:00:00
113,1,805.31,2001-04-30 00:00:00
114,1,845.66,2001-05-31 00:00:00
115,1,827.34,2001-06-30 00:00:00
116,1,784.98,2001-07-31 00:00:00
117,1,719.43,2001-08-31 00:00:00
118,1,668.12,2001-09-30 00:00:00
119,1,684.13,2001-10-31 00:00:00
120,1,714.87,2001-11-30 00:00:00
121,1,721.74,2001-12-31 00:00:00
122,1,708.82,2002-01-31 00:00:00
123,1,713.52,2002-02-28 00:00:00
124,1,743.26,2002-03-31 00:00:00
125,1,720.95,2002-04-30 00:00:00
126,1,713.07,2002-05-31 00:00:00
127,1,656.43,2002-06-30 00:00:00
128,1,609.91,2002-07-31 00:00:00
129,1,608.54,2002-08-31 00:00:00
130,1,568.59,2002-09-30 00:00:00
131,1,583.55,2002-10-31 00:00:00
132,1,588.26,2002-11-30 00:00:00
133,1,549.06,2002-12-31 00:00:00
134,1,520.19,2003-01-31 00:00:00
135,1,508.95,2003-02-28 00:00:00
136,1,500.99,2003-03-31 00:00:00
137,1,515.33,2003-04-30 00:00:00
138,1,519.44,2003-05-31 00:00:00
139,1,547.33,2003-06-30 00:00:00
140,1,565.4,2003-07-31 00:00:00
141,1,600.96,2003-08-31 00:00:00
142,1,576.4,2003-09-30 00:00:00
143,1,605.4,2003-10-31 00:00:00
144,1,595.33,2003-11-30 00:00:00
145,1,601.94,2003-12-31 00:00:00
146,1,615.9,2004-01-31 00:00:00
147,1,623.83,2004-02-29 00:00:00
148,1,634.64,2004-03-31 00:00:00
149,1,631.13,2004-04-30 00:00:00
150,1,608.23,2004-05-31 00:00:00
151,1,628.31,2004-06-30 00:00:00
152,1,619.25,2004-07-31 00:00:00
153,1,614.25,2004-08-31 00:00:00
154,1,607.38,2004-09-30 00:00:00
155,1,596.94,2004-10-31 00:00:00
156,1,608.32,2004-11-30 00:00:00
157,1,616.25,2004-12-31 00:00:00
158,1,635.18,2005-01-31 00:00:00
159,1,649.15,2005-02-28 00:00:00
160,1,639.94,2005-03-31 00:00:00
161,1,627.98,2005-04-30 00:00:00
162,1,666.73,2005-05-31 00:00:00
163,1,684.48,2005-06-30 00:00:00
164,1,708.28,2005-07-31 00:00:00
165,1,706.12,2005-08-31 00:00:00
166,1,736.76,2005-09-30 00:00:00
167,1,727.61,2005-10-31 00:00:00
168,1,757.31,2005-11-30 00:00:00
169,1,783.52,2005-12-31 00:00:00
170,1,817.3,2006-01-31 00:00:00
171,1,803.42,2006-02-28 00:00:00
172,1,815.12,2006-03-31 00:00:00
173,1,804.36,2006-04-30 00:00:00
174,1,768.23,2006-05-31 00:00:00
175,1,769.75,2006-06-30 00:00:00
176,1,777.98,2006-07-31 00:00:00
177,1,786.58,2006-08-31 00:00:00
178,1,805.78,2006-09-30 00:00:00
179,1,819.82,2006-10-31 00:00:00
180,1,812.05,2006-11-30 00:00:00
181,1,836.25,2006-12-31 00:00:00
182,1,842.8,2007-01-31 00:00:00
183,1,831.12,2007-02-28 00:00:00
184,1,843.08,2007-03-31 00:00:00
185,1,860.59,2007-04-30 00:00:00
186,1,868.65,2007-05-31 00:00:00
187,1,867.78,2007-06-30 00:00:00
188,1,858.48,2007-07-31 00:00:00
189,1,862.73,2007-08-31 00:00:00
190,1,893.55,2007-09-30 00:00:00
191,1,897.42,2007-10-31 00:00:00
192,1,825.35,2007-11-30 00:00:00
193,1,819.5,2007-12-31 00:00:00
194,1,761.46,2008-01-31 00:00:00
195,1,759.81,2008-02-29 00:00:00
196,1,735.19,2008-03-31 00:00:00
197,1,772.78,2008-04-30 00:00:00
198,1,799.29,2008-05-31 00:00:00
199,1,725.09,2008-06-30 00:00:00
200,1,712.96,2008-07-31 00:00:00
201,1,742.84,2008-08-31 00:00:00
202,1,690.57,2008-09-30 00:00:00
203,1,630.94,2008-10-31 00:00:00
204,1,582.38,2008-11-30 00:00:00
205,1,563.74,2008-12-31 00:00:00
206,1,579,2009-01-31 00:00:00
207,1,536.42,2009-02-28 00:00:00
208,1,553.23,2009-03-31 00:00:00
209,1,604.34,2009-04-30 00:00:00
210,1,620.44,2009-05-31 00:00:00
211,1,637.57,2009-06-30 00:00:00
212,1,668.58,2009-07-31 00:00:00
213,1,678.58,2009-08-31 00:00:00
214,1,695.69,2009-09-30 00:00:00
215,1,671.33,2009-10-31 00:00:00
216,1,687.07,2009-11-30 00:00:00
217,1,740.63,2009-12-31 00:00:00
218,1,732.76,2010-01-31 00:00:00
219,1,752.38,2010-02-28 00:00:00
220,1,802.58,2010-03-31 00:00:00
221,1,815.81,2010-04-30 00:00:00
222,1,801.64,2010-05-31 00:00:00
223,1,792.32,2010-06-30 00:00:00
224,1,797.05,2010-07-31 00:00:00
225,1,780.88,2010-08-31 00:00:00
226,1,799.37,2010-09-30 00:00:00
227,1,804.69,2010-10-31 00:00:00
228,1,846.51,2010-11-30 00:00:00
229,1,882.22,2010-12-31 00:00:00
230,1,850.91,2011-01-31 00:00:00
231,1,851.21,2011-02-28 00:00:00
232,1,815.98,2011-03-31 00:00:00
233,1,822.08,2011-04-30 00:00:00
234,1,831,2011-05-31 00:00:00
235,1,824.23,2011-06-30 00:00:00
236,1,843.31,2011-07-31 00:00:00
237,1,771.94,2011-08-31 00:00:00
238,1,780.62,2011-09-30 00:00:00
239,1,795.5,2011-10-31 00:00:00
240,1,801.32,2011-11-30 00:00:00
241,1,820.14,2011-12-31 00:00:00
242,1,839.13,2012-01-31 00:00:00
243,1,862.48,2012-02-29 00:00:00
244,1,866.15,2012-03-31 00:00:00
245,1,860.52,2012-04-30 00:00:00
246,1,853.41,2012-05-31 00:00:00
247,1,873.25,2012-06-30 00:00:00
248,1,894.83,2012-07-31 00:00:00
249,1,888.59,2012-08-31 00:00:00
250,1,893.49,2012-09-30 00:00:00
251,1,873.54,2012-10-31 00:00:00
252,1,908.44,2012-11-30 00:00:00
253,1,917.24,2012-12-31 00:00:00
254,1,922.54,2013-01-31 00:00:00
255,1,946.55,2013-02-28 00:00:00
256,1,992.95,2013-03-31 00:00:00
257,1,1013.43,2013-04-30 00:00:00
258,1,1011.49,2013-05-31 00:00:00
259,1,995.61,2013-06-30 00:00:00
260,1,1013.7,2013-07-31 00:00:00
261,1,1003.08,2013-08-31 00:00:00
262,1,1038.66,2013-09-30 00:00:00
263,1,1056.11,2013-10-31 00:00:00
264,1,1089.82,2013-11-30 00:00:00
265,1,1098,2013-12-31 00:00:00
266,1,1072.13,2014-01-31 00:00:00
267,1,1089.37,2014-02-28 00:00:00
268,1,1096.25,2014-03-31 00:00:00
269,1,1074.92,2014-04-30 00:00:00
270,1,1119.83,2014-05-31 00:00:00
271,1,1149.91,2014-06-30 00:00:00
272,1,1163.79,2014-07-31 00:00:00
273,1,1183.97,2014-08-31 00:00:00
274,1,1215.89,2014-09-30 00:00:00
275,1,1244.14,2014-10-31 00:00:00
276,1,1284.64,2014-11-30 00:00:00
277,1,1290.59,2014-12-31 00:00:00
278,1,1383.99,2015-01-31 00:00:00
279,1,1466.47,2015-02-28 00:00:00
280,1,1528.06,2015-03-31 00:00:00
281,1,1491.2,2015-04-30 00:00:00
282,1,1530.33,2015-05-31 00:00:00
283,1,1455.02,2015-06-30 00:00:00
284,1,1477.65,2015-07-31 00:00:00
285,1,1367.68,2015-08-31 00:00:00
286,1,1333.44,2015-09-30 00:00:00
287,1,1450.48,2015-10-31 00:00:00
288,1,1497.51,2015-11-30 00:00:00
289,1,1442.27,2015-12-31 00:00:00
290,1,1360.55,2016-01-31 00:00:00
291,1,1348.06,2016-02-29 00:00:00
292,1,1354.72,2016-03-31 00:00:00
293,1,1364.09,2016-04-30 00:00:00
294,1,1411.79,2016-05-31 00:00:00
295,1,1426.98,2016-06-30 00:00:00
296,1,1476.42,2016-07-31 00:00:00
297,1,1454.86,2016-08-31 00:00:00
298,1,1457.03,2016-09-30 00:00:00
299,1,1471.01,2016-10-31 00:00:00
300,1,1483.26,2016-11-30 00:00:00
301,1,1487.46,2016-12-31 00:00:00
302,1,1526.72,2017-01-31 00:00:00
303,1,1575.24,2017-02-28 00:00:00
304,1,1594.93,2017-03-31 00:00:00
305,1,1605.7,2017-04-30 00:00:00
306,1,1634.22,2017-05-31 00:00:00
307,1,1616.33,2017-06-30 00:00:00
308,1,1597.6,2017-07-31 00:00:00
309,1,1606.58,2017-08-31 00:00:00
310,1,1630.4,2017-09-30 00:00:00
311,1,1761.89,2017-10-31 00:00:00
312,1,1768.29,2017-11-30 00:00:00
313,1,1775.41,2017-12-31 00:00:00
659,4,114.278,2000-03-31 00:00:00
660,4,103.078,2000-04-30 00:00:00
661,4,95.999,2000-05-31 00:00:00
662,4,94.91,2000-06-30 00:00:00
663,4,98.185,2000-07-31 00:00:00
664,4,94.799,2000-08-31 00:00:00
665,4,76.992,2000-09-30 00:00:00
666,4,63.226,2000-10-31 00:00:00
667,4,57.978,2000-11-30 00:00:00
668,4,46.025,2000-12-31 00:00:00
669,4,59.682,2001-01-31 00:00:00
670,4,55.144,2001-02-28 00:00:00
671,4,54.05,2001-03-31 00:00:00
672,4,52.876,2001-04-30 00:00:00
673,4,53.421,2001-05-31 00:00:00
674,4,49.599,2001-06-30 00:00:00
675,4,44.229,2001-07-31 00:00:00
676,4,39.894,2001-08-31 00:00:00
677,4,30.372,2001-09-30 00:00:00
678,4,34.84,2001-10-31 00:00:00
679,4,44.159,2001-11-30 00:00:00
680,4,51.606,2001-12-31 00:00:00
681,4,54.49,2002-01-31 00:00:00
682,4,55.098,2002-02-28 00:00:00
683,4,59.789,2002-03-31 00:00:00
684,4,55.898,2002-04-30 00:00:00
685,4,49.106,2002-05-31 00:00:00
686,4,41.434,2002-06-30 00:00:00
687,4,39.045,2002-07-31 00:00:00
688,4,38.819,2002-08-31 00:00:00
689,4,32.986,2002-09-30 00:00:00
690,4,35.04,2002-10-31 00:00:00
691,4,38.068,2002-11-30 00:00:00
692,4,32.247,2002-12-31 00:00:00
693,4,30.993,2003-01-31 00:00:00
694,4,28.976,2003-02-28 00:00:00
695,4,27.877,2003-03-31 00:00:00
696,4,27.321,2003-04-30 00:00:00
697,4,28.092,2003-05-31 00:00:00
698,4,31.811,2003-06-30 00:00:00
699,4,36.96,2003-07-31 00:00:00
700,4,42.263,2003-08-31 00:00:00
701,4,39.595,2003-09-30 00:00:00
702,4,42.125,2003-10-31 00:00:00
703,4,39.752,2003-11-30 00:00:00
704,4,38.919,2003-12-31 00:00:00
705,4,43.098,2004-01-31 00:00:00
706,4,43.018,2004-02-29 00:00:00
707,4,43.022,2004-03-31 00:00:00
708,4,42.027,2004-04-30 00:00:00
709,4,40.634,2004-05-31 00:00:00
710,4,38.343,2004-06-30 00:00:00
711,4,34.91,2004-07-31 00:00:00
712,4,37.522,2004-08-31 00:00:00
713,4,36.82,2004-09-30 00:00:00
714,4,36.775,2004-10-31 00:00:00
715,4,37.538,2004-11-30 00:00:00
716,4,38.668,2004-12-31 00:00:00
717,4,39.746,2005-01-31 00:00:00
718,4,41.805,2005-02-28 00:00:00
719,4,41.234,2005-03-31 00:00:00
720,4,40.102,2005-04-30 00:00:00
721,4,46.309,2005-05-31 00:00:00
722,4,47.875,2005-06-30 00:00:00
723,4,50.088,2005-07-31 00:00:00
724,4,47.339,2005-08-31 00:00:00
725,4,51.226,2005-09-30 00:00:00
726,4,47.831,2005-10-31 00:00:00
727,4,53.895,2005-11-30 00:00:00
728,4,60.379,2005-12-31 00:00:00
729,4,58.809,2006-01-31 00:00:00
730,4,60.451,2006-02-28 00:00:00
731,4,60.207,2006-03-31 00:00:00
732,4,61.271,2006-04-30 00:00:00
733,4,55.837,2006-05-31 00:00:00
734,4,51.21,2006-06-30 00:00:00
735,4,49.54,2006-07-31 00:00:00
736,4,54.24,2006-08-31 00:00:00
737,4,55.362,2006-09-30 00:00:00
738,4,55.133,2006-10-31 00:00:00
739,4,56.482,2006-11-30 00:00:00
740,4,57.9,2006-12-31 00:00:00
741,4,57.009,2007-01-31 00:00:00
742,4,56.824,2007-02-28 00:00:00
743,4,55.508,2007-03-31 00:00:00
744,4,54.097,2007-04-30 00:00:00
745,4,57.17,2007-05-31 00:00:00
746,4,61.827,2007-06-30 00:00:00
747,4,63.623,2007-07-31 00:00:00
748,4,61.331,2007-08-31 00:00:00
749,4,62.342,2007-09-30 00:00:00
750,4,63.908,2007-10-31 00:00:00
751,4,56.259,2007-11-30 00:00:00
752,4,56.257,2007-12-31 00:00:00
753,4,46.272,2008-01-31 00:00:00
754,4,50.221,2008-02-29 00:00:00
755,4,47.78,2008-03-31 00:00:00
756,4,53.825,2008-04-30 00:00:00
757,4,52.038,2008-05-31 00:00:00
758,4,44.251,2008-06-30 00:00:00
759,4,43.602,2008-07-31 00:00:00
760,4,45.828,2008-08-31 00:00:00
761,4,39.476,2008-09-30 00:00:00
762,4,35.724,2008-10-31 00:00:00
763,4,29.175,2008-11-30 00:00:00
764,4,27.927,2008-12-31 00:00:00
765,4,27.673,2009-01-31 00:00:00
766,4,29.4,2009-02-28 00:00:00
767,4,34.39,2009-03-31 00:00:00
768,4,40.359,2009-04-30 00:00:00
769,4,42.78,2009-05-31 00:00:00
770,4,42.227,2009-06-30 00:00:00
771,4,48.302,2009-07-31 00:00:00
772,4,46.047,2009-08-31 00:00:00
773,4,50.167,2009-09-30 00:00:00
774,4,50.025,2009-10-31 00:00:00
775,4,53.292,2009-11-30 00:00:00
776,4,57.753,2009-12-31 00:00:00
777,4,57.47,2010-01-31 00:00:00
778,4,58.145,2010-02-28 00:00:00
779,4,63.757,2010-03-31 00:00:00
780,4,65.108,2010-04-30 00:00:00
781,4,66.101,2010-05-31 00:00:00
782,4,69.744,2010-06-30 00:00:00
783,4,67.171,2010-07-31 00:00:00
784,4,70.876,2010-08-31 00:00:00
785,4,75,2010-09-30 00:00:00
786,4,71.898,2010-10-31 00:00:00
787,4,75.368,2010-11-30 00:00:00
788,4,73.706,2010-12-31 00:00:00
789,4,68.468,2011-01-31 00:00:00
790,4,65.675,2011-02-28 00:00:00
791,4,67.007,2011-03-31 00:00:00
792,4,68.368,2011-04-30 00:00:00
793,4,72.141,2011-05-31 00:00:00
794,4,72.125,2011-06-30 00:00:00
795,4,74.989,2011-07-31 00:00:00
796,4,70.69,2011-08-31 00:00:00
797,4,67.422,2011-09-30 00:00:00
798,4,69.329,2011-10-31 00:00:00
799,4,67.793,2011-11-30 00:00:00
800,4,69.784,2011-12-31 00:00:00
801,4,74.435,2012-01-31 00:00:00
802,4,74.022,2012-02-29 00:00:00
803,4,76.166,2012-03-31 00:00:00
804,4,78.395,2012-04-30 00:00:00
805,4,75.588,2012-05-31 00:00:00
806,4,75.679,2012-06-30 00:00:00
807,4,79.688,2012-07-31 00:00:00
808,4,78.961,2012-08-31 00:00:00
809,4,80.474,2012-09-30 00:00:00
810,4,80.969,2012-10-31 00:00:00
811,4,81.517,2012-11-30 00:00:00
812,4,82.373,2012-12-31 00:00:00
813,4,79.645,2013-01-31 00:00:00
814,4,82.006,2013-02-28 00:00:00
815,4,83.296,2013-03-31 00:00:00
816,4,82.229,2013-04-30 00:00:00
817,4,85.439,2013-05-31 00:00:00
818,4,78.832,2013-06-30 00:00:00
819,4,79.068,2013-07-31 00:00:00
820,4,75.512,2013-08-31 00:00:00
821,4,78.846,2013-09-30 00:00:00
822,4,81.485,2013-10-31 00:00:00
823,4,80.108,2013-11-30 00:00:00
824,4,79.619,2013-12-31 00:00:00
825,4,78.566,2014-01-31 00:00:00
826,4,80.353,2014-02-28 00:00:00
827,4,79.166,2014-03-31 00:00:00
828,4,77.624,2014-04-30 00:00:00
829,4,80.971,2014-05-31 00:00:00
830,4,81.708,2014-06-30 00:00:00
831,4,87.384,2014-07-31 00:00:00
832,4,88.856,2014-08-31 00:00:00
833,4,87.22,2014-09-30 00:00:00
834,4,88.69,2014-10-31 00:00:00
835,4,88.589,2014-11-30 00:00:00
836,4,86.666,2014-12-31 00:00:00
837,4,97.231,2015-01-31 00:00:00
838,4,97.847,2015-02-28 00:00:00
839,4,102.123,2015-03-31 00:00:00
840,4,98.291,2015-04-30 00:00:00
841,4,97.524,2015-05-31 00:00:00
842,4,92.254,2015-06-30 00:00:00
843,4,90.963,2015-07-31 00:00:00
844,4,82.392,2015-08-31 00:00:00
845,4,81.667,2015-09-30 00:00:00
846,4,88.598,2015-10-31 00:00:00
847,4,92.061,2015-11-30 00:00:00
848,4,90.04,2015-12-31 00:00:00
849,4,85.652,2016-01-31 00:00:00
850,4,82.058,2016-02-29 00:00:00
851,4,85.551,2016-03-31 00:00:00
852,4,86.245,2016-04-30 00:00:00
853,4,88.057,2016-05-31 00:00:00
854,4,90.58,2016-06-30 00:00:00
855,4,92.528,2016-07-31 00:00:00
856,4,95.767,2016-08-31 00:00:00
857,4,96.04,2016-09-30 00:00:00
858,4,96.77,2016-10-31 00:00:00
859,4,92.826,2016-11-30 00:00:00
860,4,91.083,2016-12-31 00:00:00
861,4,93.486,2017-01-31 00:00:00
862,4,97.572,2017-02-28 00:00:00
863,4,100.902,2017-03-31 00:00:00
864,4,103.384,2017-04-30 00:00:00
865,4,105.7,2017-05-31 00:00:00
866,4,105.616,2017-06-30 00:00:00
867,4,108.83,2017-07-31 00:00:00
868,4,108.814,2017-08-31 00:00:00
869,4,110.582,2017-09-30 00:00:00
870,4,115.25,2017-10-31 00:00:00
871,4,116.308,2017-11-30 00:00:00
872,4,119.562,2017-12-31 00:00:00
873,4,120.032,2018-01-31 00:00:00
874,4,119.272,2018-02-28 00:00:00
875,4,114.486,2018-03-31 00:00:00
876,4,117.299,2018-04-30 00:00:00
877,4,125.358,2018-05-31 00:00:00
878,4,120.517,2018-06-30 00:00:00
879,4,116.772,2018-07-31 00:00:00
880,4,113.03,2018-08-31 00:00:00
881,4,107.422,2018-09-30 00:00:00
882,4,96.368,2018-10-31 00:00:00
883,4,107,2018-11-30 00:00:00
884,4,105.752,2018-12-31 00:00:00
885,4,111.622,2019-01-31 00:00:00
886,4,116.685,2019-02-28 00:00:00
887,4,124.255,2019-03-31 00:00:00
888,4,127.706,2019-04-30 00:00:00
889,5,3.631,1991-12-31 00:00:00
890,5,3.911,1992-01-31 00:00:00
891,5,4.037,1992-02-29 00:00:00
892,5,4.033,1992-03-31 00:00:00
893,5,4.011,1992-04-30 00:00:00
894,5,3.95,1992-05-31 00:00:00
895,5,3.618,1992-06-30 00:00:00
896,5,3.264,1992-07-31 00:00:00
897,5,3.083,1992-08-31 00:00:00
898,5,2.886,1992-09-30 00:00:00
899,5,2.954,1992-10-31 00:00:00
900,5,3.035,1992-11-30 00:00:00
901,5,3.009,1992-12-31 00:00:00
902,5,3.032,1993-01-31 00:00:00
903,5,3.134,1993-02-28 00:00:00
904,5,3.169,1993-03-31 00:00:00
905,5,3.165,1993-04-30 00:00:00
906,5,3.181,1993-05-31 00:00:00
907,5,3.248,1993-06-30 00:00:00
908,5,3.329,1993-07-31 00:00:00
909,5,3.401,1993-08-31 00:00:00
910,5,3.33,1993-09-30 00:00:00
911,5,3.793,1993-10-31 00:00:00
912,5,4,1993-11-30 00:00:00
913,5,4.698,1993-12-31 00:00:00
914,5,4.665,1994-01-31 00:00:00
915,5,4.402,1994-02-28 00:00:00
916,5,3.897,1994-03-31 00:00:00
917,5,3.914,1994-04-30 00:00:00
918,5,3.962,1994-05-31 00:00:00
919,5,3.7,1994-06-30 00:00:00
920,5,3.869,1994-07-31 00:00:00
921,5,4.159,1994-08-31 00:00:00
922,5,4.004,1994-09-30 00:00:00
923,5,3.783,1994-10-31 00:00:00
924,5,3.785,1994-11-30 00:00:00
925,5,3.493,1994-12-31 00:00:00
926,5,2.999,1995-01-31 00:00:00
927,5,2.945,1995-02-28 00:00:00
928,5,2.826,1995-03-31 00:00:00
929,5,2.846,1995-04-30 00:00:00
930,5,3,1995-05-31 00:00:00
931,5,2.971,1995-06-30 00:00:00
932,5,3.002,1995-07-31 00:00:00
933,5,3.046,1995-08-31 00:00:00
934,5,2.961,1995-09-30 00:00:00
935,5,2.79,1995-10-31 00:00:00
936,5,2.814,1995-11-30 00:00:00
937,5,2.912,1995-12-31 00:00:00
938,5,3.245,1996-01-31 00:00:00
939,5,3.318,1996-02-29 00:00:00
940,5,3.353,1996-03-31 00:00:00
941,5,3.607,1996-04-30 00:00:00
942,5,3.605,1996-05-31 00:00:00
943,5,3.621,1996-06-30 00:00:00
944,5,3.355,1996-07-31 00:00:00
945,5,3.467,1996-08-31 00:00:00
946,5,3.559,1996-09-30 00:00:00
947,5,3.492,1996-10-31 00:00:00
948,5,3.598,1996-11-30 00:00:00
949,5,3.658,1996-12-31 00:00:00
950,5,4.06,1997-01-31 00:00:00
951,5,4.43,1997-02-28 00:00:00
952,5,4.241,1997-03-31 00:00:00
953,5,4.271,1997-04-30 00:00:00
954,5,4.499,1997-05-31 00:00:00
955,5,4.795,1997-06-30 00:00:00
956,5,5.026,1997-07-31 00:00:00
957,5,4.486,1997-08-31 00:00:00
958,5,4.459,1997-09-30 00:00:00
959,5,3.484,1997-10-31 00:00:00
960,5,3.537,1997-11-30 00:00:00
961,5,3.606,1997-12-31 00:00:00
962,5,3.351,1998-01-31 00:00:00
963,5,3.794,1998-02-28 00:00:00
964,5,3.959,1998-03-31 00:00:00
965,5,3.804,1998-04-30 00:00:00
966,5,3.421,1998-05-31 00:00:00
967,5,3.124,1998-06-30 00:00:00
968,5,3.039,1998-07-31 00:00:00
969,5,2.258,1998-08-31 00:00:00
970,5,2.416,1998-09-30 00:00:00
971,5,2.665,1998-10-31 00:00:00
972,5,2.895,1998-11-30 00:00:00
973,5,2.748,1998-12-31 00:00:00
974,5,2.732,1999-01-31 00:00:00
975,5,2.739,1999-02-28 00:00:00
976,5,3.029,1999-03-31 00:00:00
977,5,3.528,1999-04-30 00:00:00
978,5,3.401,1999-05-31 00:00:00
979,5,3.809,1999-06-30 00:00:00
980,5,3.49,1999-07-31 00:00:00
981,5,3.506,1999-08-31 00:00:00
982,5,3.419,1999-09-30 00:00:00
983,5,3.607,1999-10-31 00:00:00
984,5,4.075,1999-11-30 00:00:00
985,5,4.81,1999-12-31 00:00:00
986,5,5.167,2000-01-31 00:00:00
987,5,5.703,2000-02-29 00:00:00
988,5,5.844,2000-03-31 00:00:00
989,5,5.691,2000-04-30 00:00:00
990,5,5.249,2000-05-31 00:00:00
991,5,5.246,2000-06-30 00:00:00
992,5,5.337,2000-07-31 00:00:00
993,5,5.649,2000-08-31 00:00:00
994,5,5.272,2000-09-30 00:00:00
995,5,5.276,2000-10-31 00:00:00
996,5,4.683,2000-11-30 00:00:00
997,5,4.228,2000-12-31 00:00:00
998,5,4.662,2001-01-31 00:00:00
999,5,4.417,2001-02-28 00:00:00
1000,5,4.166,2001-03-31 00:00:00
1001,5,4.403,2001-04-30 00:00:00
1002,5,4.812,2001-05-31 00:00:00
1003,5,4.766,2001-06-30 00:00:00
1004,5,4.33,2001-07-31 00:00:00
1005,5,4.16,2001-08-31 00:00:00
1006,5,3.655,2001-09-30 00:00:00
1007,5,3.963,2001-10-31 00:00:00
1008,5,4.412,2001-11-30 00:00:00
1009,5,4.556,2001-12-31 00:00:00
1010,5,4.864,2002-01-31 00:00:00
1011,5,4.988,2002-02-28 00:00:00
1012,5,5.263,2002-03-31 00:00:00
1013,5,5.263,2002-04-30 00:00:00
1014,5,5.064,2002-05-31 00:00:00
1015,5,4.745,2002-06-30 00:00:00
1016,5,4.485,2002-07-31 00:00:00
1017,5,4.414,2002-08-31 00:00:00
1018,5,4.109,2002-09-30 00:00:00
1019,5,4.248,2002-10-31 00:00:00
1020,5,4.52,2002-11-30 00:00:00
1021,5,4.165,2002-12-31 00:00:00
1022,5,4.033,2003-01-31 00:00:00
1023,5,3.911,2003-02-28 00:00:00
1024,5,3.685,2003-03-31 00:00:00
1025,5,4.041,2003-04-30 00:00:00
1026,5,4.23,2003-05-31 00:00:00
1027,5,4.565,2003-06-30 00:00:00
1028,5,4.863,2003-07-31 00:00:00
1029,5,5.371,2003-08-31 00:00:00
1030,5,5.288,2003-09-30 00:00:00
1031,5,5.776,2003-10-31 00:00:00
1032,5,5.742,2003-11-30 00:00:00
1033,5,6.005,2003-12-31 00:00:00
1034,5,5.905,2004-01-31 00:00:00
1035,5,6.222,2004-02-29 00:00:00
1036,5,6.419,2004-03-31 00:00:00
1037,5,6.205,2004-04-30 00:00:00
1038,5,5.692,2004-05-31 00:00:00
1039,5,6.009,2004-06-30 00:00:00
1040,5,6.179,2004-07-31 00:00:00
1041,5,6.318,2004-08-31 00:00:00
1042,5,6.543,2004-09-30 00:00:00
1043,5,6.592,2004-10-31 00:00:00
1044,5,6.956,2004-11-30 00:00:00
1045,5,7.201,2004-12-31 00:00:00
1046,5,7.419,2005-01-31 00:00:00
1047,5,7.598,2005-02-28 00:00:00
1048,5,7.239,2005-03-31 00:00:00
1049,5,7.139,2005-04-30 00:00:00
1050,5,7.956,2005-05-31 00:00:00
1051,5,8.29,2005-06-30 00:00:00
1052,5,8.705,2005-07-31 00:00:00
1053,5,8.751,2005-08-31 00:00:00
1054,5,9.552,2005-09-30 00:00:00
1055,5,8.997,2005-10-31 00:00:00
1056,5,9.699,2005-11-30 00:00:00
1057,5,10.117,2005-12-31 00:00:00
1058,5,10.738,2006-01-31 00:00:00
1059,5,11.126,2006-02-28 00:00:00
1060,5,11.245,2006-03-31 00:00:00
1061,5,11.465,2006-04-30 00:00:00
1062,5,10.129,2006-05-31 00:00:00
1063,5,10.359,2006-06-30 00:00:00
1064,5,10.532,2006-07-31 00:00:00
1065,5,10.89,2006-08-31 00:00:00
1066,5,11.125,2006-09-30 00:00:00
1067,5,11.602,2006-10-31 00:00:00
1068,5,11.986,2006-11-30 00:00:00
1069,5,12.924,2006-12-31 00:00:00
1070,5,13.154,2007-01-31 00:00:00
1071,5,12.674,2007-02-28 00:00:00
1072,5,13.191,2007-03-31 00:00:00
1073,5,13.419,2007-04-30 00:00:00
1074,5,14.157,2007-05-31 00:00:00
1075,5,14.542,2007-06-30 00:00:00
1076,5,14.766,2007-07-31 00:00:00
1077,5,14.501,2007-08-31 00:00:00
1078,5,15.203,2007-09-30 00:00:00
1079,5,16.377,2007-10-31 00:00:00
1080,5,15.562,2007-11-30 00:00:00
1081,5,15.974,2007-12-31 00:00:00
1082,5,14.449,2008-01-31 00:00:00
1083,5,14.873,2008-02-29 00:00:00
1084,5,13.827,2008-03-31 00:00:00
1085,5,14.55,2008-04-30 00:00:00
1086,5,15.076,2008-05-31 00:00:00
1087,5,13.152,2008-06-30 00:00:00
1088,5,13.489,2008-07-31 00:00:00
1089,5,13.202,2008-08-31 00:00:00
1090,5,11.716,2008-09-30 00:00:00
1091,5,9.919,2008-10-31 00:00:00
1092,5,9.549,2008-11-30 00:00:00
1093,5,8.99,2008-12-31 00:00:00
1094,5,9.261,2009-01-31 00:00:00
1095,5,8.82,2009-02-28 00:00:00
1096,5,9.286,2009-03-31 00:00:00
1097,5,10.813,2009-04-30 00:00:00
1098,5,11.807,2009-05-31 00:00:00
1099,5,11.543,2009-06-30 00:00:00
1100,5,12.675,2009-07-31 00:00:00
1101,5,12.574,2009-08-31 00:00:00
1102,5,13.026,2009-09-30 00:00:00
1103,5,12.796,2009-10-31 00:00:00
1104,5,13.215,2009-11-30 00:00:00
1105,5,14.174,2009-12-31 00:00:00
1106,5,13.851,2010-01-31 00:00:00
1107,5,14.192,2010-02-28 00:00:00
1108,5,15.078,2010-03-31 00:00:00
1109,5,15.379,2010-04-30 00:00:00
1110,5,15.533,2010-05-31 00:00:00
1111,5,15.488,2010-06-30 00:00:00
1112,5,16.036,2010-07-31 00:00:00
1113,5,16.252,2010-08-31 00:00:00
1114,5,16.585,2010-09-30 00:00:00
1115,5,16.57,2010-10-31 00:00:00
1116,5,17.412,2010-11-30 00:00:00
1117,5,18.09,2010-12-31 00:00:00
1118,5,16.841,2011-01-31 00:00:00
1119,5,16.553,2011-02-28 00:00:00
1120,5,16.564,2011-03-31 00:00:00
1121,5,16.406,2011-04-30 00:00:00
1122,5,16.498,2011-05-31 00:00:00
1123,5,15.975,2011-06-30 00:00:00
1124,5,16.041,2011-07-31 00:00:00
1125,5,14.84,2011-08-31 00:00:00
1126,5,14,2011-09-30 00:00:00
1127,5,14.874,2011-10-31 00:00:00
1128,5,14.739,2011-11-30 00:00:00
1129,5,14.851,2011-12-31 00:00:00
1130,5,15.899,2012-01-31 00:00:00
1131,5,16.694,2012-02-29 00:00:00
1132,5,16.143,2012-03-31 00:00:00
1133,5,16.004,2012-04-30 00:00:00
1134,5,15.308,2012-05-31 00:00:00
1135,5,15.53,2012-06-30 00:00:00
1136,5,16.327,2012-07-31 00:00:00
1137,5,15.897,2012-08-31 00:00:00
1138,5,16.646,2012-09-30 00:00:00
1139,5,16.254,2012-10-31 00:00:00
1140,5,16.295,2012-11-30 00:00:00
1141,5,16.439,2012-12-31 00:00:00
1142,5,16.707,2013-01-31 00:00:00
1143,5,16.7,2013-02-28 00:00:00
1144,5,16.681,2013-03-31 00:00:00
1145,5,16.808,2013-04-30 00:00:00
1146,5,16.619,2013-05-31 00:00:00
1147,5,15.75,2013-06-30 00:00:00
1148,5,15.74,2013-07-31 00:00:00
1149,5,15.62,2013-08-31 00:00:00
1150,5,16.44,2013-09-30 00:00:00
1151,5,16.91,2013-10-31 00:00:00
1152,5,17.03,2013-11-30 00:00:00
1153,5,16.83,2013-12-31 00:00:00
1154,5,15.78,2014-01-31 00:00:00
1155,5,15.93,2014-02-28 00:00:00
1156,5,16.43,2014-03-31 00:00:00
1157,5,16.35,2014-04-30 00:00:00
1158,5,17.34,2014-05-31 00:00:00
1159,5,17.93,2014-06-30 00:00:00
1160,5,18.18,2014-07-31 00:00:00
1161,5,19.15,2014-08-31 00:00:00
1162,5,18.77,2014-09-30 00:00:00
1163,5,19.82,2014-10-31 00:00:00
1164,5,19.99,2014-11-30 00:00:00
1165,5,19.66,2014-12-31 00:00:00
1166,5,21.29,2015-01-31 00:00:00
1167,5,21.95,2015-02-28 00:00:00
1168,5,22.36,2015-03-31 00:00:00
1169,5,22.89,2015-04-30 00:00:00
1170,5,23.01,2015-05-31 00:00:00
1171,5,22.32,2015-06-30 00:00:00
1172,5,21.35,2015-07-31 00:00:00
1173,5,18.85,2015-08-31 00:00:00
1174,5,18.32,2015-09-30 00:00:00
1175,5,19.6,2015-10-31 00:00:00
1176,5,20.12,2015-11-30 00:00:00
1177,5,19.35,2015-12-31 00:00:00
1178,5,18.01,2016-01-31 00:00:00
1179,5,17.28,2016-02-29 00:00:00
1180,5,18.78,2016-03-31 00:00:00
1181,5,18.85,2016-04-30 00:00:00
1182,5,18.81,2016-05-31 00:00:00
1183,5,19.61,2016-06-30 00:00:00
1184,5,20.7,2016-07-31 00:00:00
1185,5,20.6,2016-08-31 00:00:00
1186,5,20.83,2016-09-30 00:00:00
1187,5,21.42,2016-10-31 00:00:00
1188,5,21.21,2016-11-30 00:00:00
1189,5,20.95,2016-12-31 00:00:00
1190,5,21.49,2017-01-31 00:00:00
1191,5,22.78,2017-02-28 00:00:00
1192,5,23.08,2017-03-31 00:00:00
1193,5,23.36,2017-04-30 00:00:00
1194,5,23.44,2017-05-31 00:00:00
1195,5,23.15,2017-06-30 00:00:00
1196,5,23.46,2017-07-31 00:00:00
1197,5,23.78,2017-08-31 00:00:00
1198,5,23.84,2017-09-30 00:00:00
1199,5,25.12,2017-10-31 00:00:00
1200,5,24.56,2017-11-30 00:00:00
1201,5,25.31,2017-12-31 00:00:00
1202,5,25.64,2018-01-31 00:00:00
1203,5,25.01,2018-02-28 00:00:00
1204,5,23.9,2018-03-31 00:00:00
1205,5,23.84,2018-04-30 00:00:00
1206,5,23.48,2018-05-31 00:00:00
1207,5,22.59,2018-06-30 00:00:00
1208,5,23.1,2018-07-31 00:00:00
1209,5,22.04,2018-08-31 00:00:00
1210,5,22.52,2018-09-30 00:00:00
1211,5,21.33,2018-10-31 00:00:00
1212,5,22.03,2018-11-30 00:00:00
1213,5,21.17,2018-12-31 00:00:00
1214,5,23.08,2019-01-31 00:00:00
1215,5,23.23,2019-02-28 00:00:00
1216,5,23.51,2019-03-31 00:00:00
1217,5,24.16,2019-04-30 00:00:00
1257,1,1832.85,2018-01-31 00:00:00
1258,1,1798.49,2018-02-28 00:00:00
1259,1,1755.55,2018-03-31 00:00:00
1260,1,1784.85,2018-04-30 00:00:00
1261,1,1861.31,2018-05-31 00:00:00
1262,1,1850.32,2018-06-30 00:00:00
1263,1,1870.52,2018-07-31 00:00:00
1264,1,1941.31,2018-08-31 00:00:00
1265,1,1978.11,2018-09-30 00:00:00
1266,1,1891.24,2018-10-31 00:00:00
1267,1,1951.8,2018-11-30 00:00:00
1268,1,1844.35,2018-12-31 00:00:00
1269,1,1896.58,2019-01-31 00:00:00
1270,1,1994.72,2019-02-28 00:00:00
1271,1,2078.99,2019-03-31 00:00:00
1272,1,2117.46,2019-04-30 00:00:00
